name,gender,probability,count
göknur,female,1,6
anna,female,1,4755
quaglieri,male,1,1
cook,male,1,1
di,female,0.81,176
marion,female,0.97,783
sepideh,female,1,35
harriet,female,0.99,168
amber,female,1,1725
davies,male,1,2
cecilia,female,0.99,1101
helen,female,0.99,2201
lace,female,0.83,6
stephanie,female,1,4114
vasha,female,1,2
de,male,0.68,147
gabriela,female,1,1293
williams,male,0.95,60
jillian,female,0.99,388
kexin,female,0.6,5
xu,male,0.67,54
michelle,female,1,5658
svetlana,female,1,196
tash,female,1,89
vivian,female,0.96,555
wang,male,0.74,54
yan,male,0.51,203
hema,female,0.84,50
thi,female,0.8,25
pri,female,0.73,22
tal,female,0.59,145
milica,female,0.99,105
ng,male,0.66,216
kathy,female,1,2220
steff,female,0.76,37
alicia,female,0.99,1563
li,female,0.66,274
andy,male,0.95,3139
maral,female,1,24
pippa,female,0.98,56
sara,female,0.99,4435
sarah,female,1,8371
rhiannon,female,0.99,132
alexandra,female,1,1723
maria,female,0.99,8402
manesh,male,1,4
mojdeh,female,1,2
saskia,female,1,90
feng,male,0.52,31
ping,female,0.54,41
zhi,male,0.73,26
belinda,female,1,449
kaushalya,female,0.5,4
christie,female,0.99,279
liz,female,1,1696
peggy,female,1,639
sonika,female,1,4
adele,female,1,236
roxane,female,1,81
shel,female,1,15
nikki,female,0.94,1234
zein,female,0.6,15
mirana,female,1,3
jessica,female,1,6696
kate,female,0.99,2254
peta,female,1,33
arwen,female,1,14
marlenne,female,1,6
rodriguez,female,0.64,11
sahar,female,0.95,111
kavya,female,0.83,6
chris,male,0.93,8631
jovana,female,0.99,70
lyndal,female,1,18
bonnie,female,0.99,784
summer,female,0.96,149
carolyn,female,1,991
catherine,female,1,2372
amy,female,0.99,4334
julia,female,0.99,2152
kristy,female,1,611
adam,male,1,3957
andrea,female,0.79,5794
charles,male,1,1798
gray,male,0.88,33
connie,female,1,1050
elodie,female,1,542
duffy,female,0.5,2
emily,female,1,3765
fiona,female,1,926
jane,female,0.99,1796
jessie,female,0.92,769
kelly,female,0.94,3831
may,female,0.97,502
phang,male,0.8,5
nathan,male,1,1632
huynh,female,0.64,22
ngan,female,0.92,24
qian,female,0.75,8
sean,male,1,2515
brooks,male,0.89,65
alison,female,0.99,1288
lusy,female,1,3
allison,female,1,1033
amanda,female,1,4907
aslı,female,1,250
christoffer,male,1,124
cindy,female,1,2477
claire,female,1,2587
claudine,female,1,160
denise,female,1,1844
elizabeth,female,1,3508
stark,male,1,2
eveline,female,1,56
gab,female,0.66,47
holly,female,0.99,1178
quach,male,0.75,4
kathryn,female,1,827
kelleigh,female,1,4
george,male,0.99,2098
lynn,female,0.96,1144
miller,male,0.84,31
manisha,female,1,58
molly,female,0.99,780
monika,female,1,577
romina,female,0.99,404
clarke,male,1,11
sandy,female,0.91,1347
rifat,male,0.84,19
thiri,female,1,3
vino,male,0.95,19
tracy,female,0.95,1709
prabhu,male,1,30
vandana,female,1,68
alica,female,1,4
daly,male,0.75,20
audrey,female,1,1057
caroline,female,1,2457
hannah,female,1,1949
kirk,male,1,280
jem,female,0.55,22
jess,female,0.91,1010
dan,male,0.98,3240
lindsey,female,0.98,849
phil,male,0.99,1012
eric,male,1,4110
wei,female,0.54,203
nieman,male,1,1
anh,female,0.54,84
nguyen,male,0.56,331
annie,female,1,1120
arezoo,female,1,6
jomon,male,1,3
brick,male,0.67,6
howard,male,0.96,296
kristine,female,1,527
liisa,female,1,21
maya,female,0.97,427
rasaa,female,1,1
natalie,female,1,2027
dee,female,0.85,491
peter,male,1,4373
yue,female,0.59,56
amie,female,0.99,191
erica,female,1,1281
erika,female,0.99,1544
joe,male,0.99,3679
priya,female,0.98,226
heath,male,0.97,79
rhiana,female,1,6
giner,male,1,1
rick,male,1,1255
shanmugam,male,0.67,3
wenjing,female,1,5
bruce,male,1,800
huston,male,1,3
saunders,male,1,2
alex,male,0.87,5856
fun,female,1,1
roberts,male,0.67,3
maryam,female,1,302
jill,female,1,1335
wright,male,1,1
carmichael,male,1,2
thomas,male,1,3753
shazia,female,1,35
leanne,female,1,621
jacquie,female,1,78
tran,male,0.58,91
rika,female,0.96,53
christine,female,1,3115
hamideh,female,1,5
iraj,male,1,7
josephine,female,0.99,352
nd,female,0.5,2
elisabeth,female,1,570
chirag,male,1,56
patel,male,0.85,20
arathi,female,1,5
sharma,female,0.57,7
nurdan,female,1,54
jacqueline,female,1,1016
morris,male,1,49
johanny,female,0.79,14
lui,male,0.75,44
ron,male,0.98,1014
zheng,male,0.87,30
melissa,female,1,4400
scott,male,1,3450
leslie,female,0.88,1173
mari,female,0.99,636
els,female,0.99,101
gordon,male,1,416
qiao,female,0.67,3
saba,female,0.95,62
shia,female,0.75,4
jude,female,0.61,164
mitchell,male,0.99,345
marie,female,0.99,2299
min,female,0.8,127
rachael,female,1,812
rose,female,0.99,857
lucy,female,0.97,1403
shabnam,female,1,62
lee,male,0.75,2089
stuart,male,0.99,759
bonelli,male,1,1
roberto,male,1,1956
ben,male,0.99,3363
trish,female,1,373
amalka,male,1,8
cody,male,0.95,766
ali,male,0.85,3351
pradeep,male,1,157
yadav,male,1,1
gen,female,0.85,39
nadia,female,0.99,1036
yousif,male,1,22
liu,male,0.75,61
virginia,female,1,775
jang,female,0.75,12
melody,female,0.99,343
arezou,female,1,13
kumar,male,0.99,88
ravi,male,0.98,356
benjamin,male,1,1475
wee,male,0.9,41
indu,female,0.92,12
lana,female,0.99,277
gloria,female,1,1158
mejia,male,1,1
ingrid,female,1,812
omer,male,0.9,232
nikeisha,female,1,1
ha,male,0.52,97
simona,female,0.99,503
isabel,female,1,1094
adams,male,1,9
caitlin,female,1,576
mai,female,0.97,335
phuong,female,0.61,87
bram,male,1,88
mark,male,1,6176
robert,male,1,5222
johns,male,1,4
alice,female,1,1414
jiun,female,0.67,3
siew,female,0.89,56
arjun,male,1,95
chaudhary,male,1,6
cathy,female,1,1365
jing,female,0.72,126
cynthia,female,1,1489
huang,female,0.59,54
isabelle,female,1,867
ho,male,0.75,151
ivan,male,1,1905
budd,male,1,1
laurie,female,0.94,906
manoj,male,1,186
nic,male,0.65,241
ruth,female,1,1344
pac,male,1,1
soo,female,0.79,34
vanessa,female,1,2704
daniel,male,1,8180
kim,female,0.88,3561
lavinia,female,0.99,101
masha,female,0.96,57
nancy,female,1,2716
sally,female,0.99,1136
zoe,female,1,509
fatima,female,0.99,665
dimitris,male,1,287
james,male,0.99,6359
marat,male,1,11
vladimir,male,1,299
david,male,1,12593
hayley,female,1,856
jon,male,1,1790
san,male,0.51,98
kati,female,0.97,118
voigt,male,1,1
maggie,female,1,886
webb,male,1,4
melanie,female,1,2137
michael,male,1,11094
raveendra,male,1,2
tessa,female,1,212
young,male,0.83,84
chung,male,0.79,70
william,male,1,2626
andres,male,1,2057
zambrano,male,1,1
christophe,male,0.99,629
lefevre,female,0.5,2
dawn,female,1,1507
pak,male,0.87,23
halina,female,1,6
hugh,male,1,174
isabella,female,0.99,367
kong,male,0.63,64
garcia,female,0.55,20
jair,male,1,96
rivera,male,0.6,5
bray,male,0.67,3
kel,female,0.74,35
natassja,female,1,1
preet,female,0.64,14
teoh,male,0.62,21
zhen,male,0.62,34
zhang,male,0.54,61
narasimha,male,1,10
prasad,male,1,72
samuel,male,1,1409
shao,male,1,2
donna,female,1,2227
sheena,female,1,203
benny,male,0.97,276
geng,female,0.5,2
ivy,female,1,315
kannan,male,1,27
vinitha,female,1,2
reni,female,0.97,37
toni,female,0.66,915
tina,female,1,2195
um,female,0.86,14
damjan,male,1,19
katrina,female,1,729
leahy,female,1,1
welsh,male,1,2
loh,male,0.72,18
laura,female,1,7953
lopez,male,0.69,13
ti,female,0.56,59
vi,female,0.76,41
kaushik,male,1,39
lakshman,male,1,6
sankaran,male,1,2
swarna,female,1,4
ai,female,0.95,96
cong,female,0.5,6
lien,female,1,73
jarrah,male,0.94,32
abigail,female,1,441
kamran,male,1,157
nicole,female,1,4042
shilpi,female,1,8
dwane,male,1,9
jaya,female,0.73,60
joseph,male,0.99,2213
ey,female,1,1
karin,female,0.99,674
carly,female,0.99,529
isika,male,1,1
harris,male,1,53
robyn,female,0.97,641
tom,male,1,3736
alyce,female,1,33
brien,male,1,1
jo,female,0.88,1423
thuy,female,0.94,64
ying,female,0.9,78
ilana,female,1,43
varsha,female,1,43
lei,female,0.56,54
sam,male,0.76,3336
sia,female,0.78,18
christelle,female,1,340
diana,female,0.99,2885
yang,male,0.65,93
yuxuan,male,0.67,3
kanthi,male,1,1
anderson,male,0.99,197
anurag,male,1,64
neera,female,1,11
dunn,male,1,1
ram,male,0.99,163
jahnavi,female,1,5
shruti,female,1,87
lin,female,0.74,192
zhu,male,0.67,6
svenja,female,1,32
fairchild,female,1,1
laxmi,female,0.89,9
aynur,female,1,94
bulut,male,1,13
amina,female,0.99,195
ella,female,0.99,303
koh,male,0.51,75
patricia,female,1,3488
yee,female,0.7,81
ch,female,0.62,89
tsai,female,0.9,10
ebony,female,0.99,157
jones,male,0.86,7
hayat,female,0.7,44
maisa,female,1,12
maree,female,0.98,54
reena,female,1,105
simran,female,0.81,48
dipti,female,0.97,36
night,male,1,11
out,male,1,2
natalya,female,1,105
alla,female,0.93,44
ami,female,0.86,122
mona,female,1,519
trina,female,1,198
green,male,0.73,26
irina,female,0.99,295
ru,male,0.67,12
berrak,female,1,10
nimalan,male,1,1
gu,male,0.82,11
jennifer,female,1,6717
terrie,female,1,101
biswas,male,1,1
em,female,0.82,101
namita,female,1,56
ania,female,0.97,108
paul,male,1,5931
ve,female,0.93,15
iris,female,0.99,573
wat,male,1,3
ross,male,0.95,692
felicity,female,1,124
shelby,female,0.9,508
tu,male,0.73,26
lan,female,0.78,50
glenn,male,0.99,652
hoang,male,0.61,41
le,female,0.56,144
chawla,male,1,2
poonam,female,1,60
mimi,female,0.98,303
zara,female,0.97,114
jeanne,female,1,449
anushka,female,0.95,19
forough,female,1,3
noon,female,1,10
silk,female,0.5,2
bhagya,female,0.93,15
ceola,female,1,1
flannery,female,1,2
chua,female,0.51,49
rou,female,0.8,5
xian,male,1,7
kara,female,0.95,518
yu,female,0.53,110
anchal,female,1,9
jain,male,0.8,5
olivia,female,0.99,943
zhao,male,0.78,18
dale,male,0.91,646
kat,female,0.99,485
priyanka,female,1,214
joy,female,0.95,724
kahli,female,1,1
naomi,female,0.99,498
imogen,female,1,37
she,female,0.75,28
simon,male,0.99,2443
tris,male,0.92,26
nair,female,1,2
sabitha,female,1,2
van,male,0.71,218
anisa,female,1,47
anthony,male,1,3029
chetana,female,1,4
devi,female,0.89,64
leong,male,0.65,46
priscilla,female,1,536
peng,male,0.93,44
roger,male,1,1220
carina,female,1,433
flurina,female,1,3
alka,female,0.94,33
dora,female,0.99,277
lucía,female,0.99,163
ranjan,male,1,27
shwet,male,1,1
freya,female,1,46
gao,female,0.57,14
ngoctran,female,1,1
bao,male,0.79,42
siqi,female,0.5,2
babak,male,1,53
shah,male,0.96,52
andrew,male,1,5168
lc,female,0.58,12
nick,male,0.99,3326
eva,female,1,1715
yiwen,female,0.8,5
emma,female,1,3337
rankin,female,0.5,2
wilson,male,0.99,544
naiara,female,1,35
simmons,female,1,1
vicki,female,1,708
yolanda,female,1,670
kendall,male,0.53,224
libby,female,1,160
felix,male,1,657
lily,female,0.99,553
val,female,0.83,256
ashley,female,0.9,3897
qiqi,female,1,1
xia,female,0.98,46
kelsie,female,1,56
knight,male,1,3
jason,male,1,4927
reshma,female,0.98,43
vijayakumaran,male,1,1
sant,male,0.75,4
sneha,female,1,68
wilkinson,male,1,1
parisa,female,1,30
mondal,male,1,1
sukanya,female,1,16
artika,female,1,3
bing,female,0.62,37
lesley,female,0.98,494
yuan,female,0.71,69
napapach,female,1,1
duan,male,0.8,5
georgia,female,0.99,397
rinku,female,0.89,9
ana,female,0.99,3621
dro,male,1,11
shinichi,male,1,5
anwar,male,0.95,92
johnny,male,0.99,955
fitter,male,1,1
hou,male,0.73,15
ewald,male,1,9
ines,female,1,153
lizzie,female,1,260
silver,female,0.55,58
sophie,female,1,1836
laa,female,0.88,16
ursula,female,1,169
brooke,female,0.99,709
baş,male,1,1
ebru,female,1,351
anusha,female,1,38
ayah,male,0.57,21
cruz,male,0.61,49
park,male,0.67,21
fara,female,0.92,12
josine,female,1,3
miles,male,0.98,174
nafisa,female,1,24
silva,female,0.83,30
steph,female,0.98,394
lia,female,0.99,267
taru,female,0.95,19
mukund,male,1,14
samantha,female,1,2438
sandra,female,1,4110
guo,male,0.88,8
stefanie,female,1,463
adiba,female,1,2
khan,male,1,69
rowena,female,0.99,99
vivek,male,1,214
naif,male,1,17
jen,female,0.99,1233
kriti,female,1,50
ke,male,0.56,34
del,male,0.79,80
mar,female,0.92,374
sabine,female,1,337
alexia,female,1,226
cam,male,0.83,154
can,male,0.93,247
ness,female,0.86,22
elise,female,1,442
heejung,female,1,3
shim,male,0.83,6
inge,female,0.83,203
nuruddin,male,1,1
jc,male,0.95,208
jung,female,0.81,83
jodi,female,0.99,503
kelsey,female,0.97,803
kira,female,0.91,128
lauren,female,1,2937
lex,male,0.82,89
luca,male,0.99,1075
linda,female,1,4323
ong,male,0.73,64
pei,female,0.9,58
promise,female,0.5,4
sankar,male,1,15
bright,male,0.64,33
shin,male,0.82,66
shruthi,female,1,18
simone,female,0.55,1086
stevenson,male,1,5
solange,female,1,186
sonali,female,1,51
sophia,female,0.99,473
hande,female,0.98,99
vasudha,female,1,35
victoria,female,1,1879
liang,male,0.69,48
xi,male,0.71,17
chee,male,0.56,48
en,male,0.55,22
yung,male,0.79,47
